{
  "name": "paper-dialog",
  "description": "A Material Design dialog",
  "version": "2.0.0",
  "authors": "The Polymer Authors",
  "keywords": [
    "web-components",
    "polymer",
    "dialog",
    "overlay"
  ],
  "main": "paper-dialog.html",
  "private": true,
  "repository": {
    "type": "git",
    "url": "git://github.com/PolymerElements/paper-dialog"
  },
  "license": "http://polymer.github.io/LICENSE.txt",
  "homepage": "https://github.com/PolymerElements/paper-dialog",
  "ignore": [],
  "dependencies": {
    "neon-animation": "PolymerElements/neon-animation#1 - 2",
    "paper-dialog-behavior": "PolymerElements/paper-dialog-behavior#1 - 2",
    "iron-overlay-behavior": "PolymerElements/iron-overlay-behavior#1 - 2",
    "polymer": "Polymer/polymer#1.9 - 2"
  },
  "devDependencies": {
    "iron-component-page": "PolymerElements/iron-component-page#1 - 2",
    "iron-demo-helpers": "PolymerElements/iron-demo-helpers#1 - 2",
    "iron-test-helpers": "PolymerElements/iron-test-helpers#1 - 2",
    "paper-button": "PolymerElements/paper-button#1 - 2",
    "paper-dialog-scrollable": "PolymerElements/paper-dialog-scrollable#1 - 2",
    "paper-dropdown-menu": "PolymerElements/paper-dropdown-menu#1 - 2",
    "paper-item": "PolymerElements/paper-item#1 - 2",
    "paper-listbox": "PolymerElements/paper-listbox#1 - 2",
    "web-animations-js": "web-animations/web-animations-js#^2.2.0",
    "web-component-tester": "^6.0.0",
    "webcomponentsjs": "webcomponents/webcomponentsjs#^1.0.0"
  },
  "variants": {
    "1.x": {
      "dependencies": {
        "neon-animation": "PolymerElements/neon-animation#^1.0.0",
        "paper-dialog-behavior": "PolymerElements/paper-dialog-behavior#^1.0.0",
        "iron-overlay-behavior": "PolymerElements/iron-overlay-behavior#^1.7.0",
        "polymer": "Polymer/polymer#^1.9"
      },
      "devDependencies": {
        "iron-component-page": "PolymerElements/iron-component-page#^1.0.0",
        "iron-demo-helpers": "PolymerElements/iron-demo-helpers#^1.0.0",
        "iron-test-helpers": "PolymerElements/iron-test-helpers#^1.0.0",
        "paper-button": "PolymerElements/paper-button#^1.0.0",
        "paper-dialog-scrollable": "PolymerElements/paper-dialog-scrollable#^1.0.0",
        "paper-dropdown-menu": "PolymerElements/paper-dropdown-menu#^1.0.0",
        "paper-item": "PolymerElements/paper-item#^1.0.0",
        "paper-listbox": "PolymerElements/paper-listbox#^1.0.0",
        "web-animations-js": "web-animations/web-animations-js#^2.2.0",
        "web-component-tester": "^4.0.0",
        "webcomponentsjs": "webcomponents/webcomponentsjs#^0.7.0"
      },
      "resolutions": {
        "webcomponentsjs": "^0.7"
      }
    }
  },
  "resolutions": {
    "webcomponentsjs": "^1.0.0"
  },
  "_release": "2.0.0",
  "_resolution": {
    "type": "version",
    "tag": "v2.0.0",
    "commit": "49d2e8c670e58542b8edaa277ca062050a581a6f"
  },
  "_source": "https://github.com/PolymerElements/paper-dialog.git",
  "_target": "^2.0.0",
  "_originalSource": "PolymerElements/paper-dialog",
  "_direct": true
}